NIM,Tahun_Masuk,IPK,IPS_Terakhir,MK_Gagal,SKS_Lulus,Status_Skripsi,Jml_Bimbingan,Status_Kerja,Tepat_Waktu
120001,2022,2.52,2.4,5,90,0,9,Tidak,Tidak
120002,2020,3.9,3.79,1,140,3,14,Tidak,Ya
120003,2022,3.25,3.19,0,132,3,17,Tidak,Ya
120004,2022,3.31,3.27,2,133,3,17,Tidak,Ya
120005,2020,3.53,3.71,0,143,4,12,Tidak,Ya
120006,2020,3.42,3.33,1,136,3,13,Tidak,Ya
120007,2022,3.92,3.9,0,139,3,11,Tidak,Ya
120008,2021,3.92,3.99,1,133,3,18,Tidak,Ya
120009,2022,3.8,3.73,1,131,3,19,Tidak,Ya
120010,2022,3.45,3.65,2,136,3,14,Tidak,Ya
120011,2022,3.7,3.75,1,135,3,16,Tidak,Ya
120012,2022,3.52,3.4,1,132,3,19,Tidak,Ya
120013,2020,3.36,3.49,2,135,3,16,Tidak,Ya
120014,2022,2.69,2.71,3,104,0,8,Tidak,Tidak
120015,2021,3.72,3.74,2,135,3,14,Ya,Ya
120016,2020,3.73,3.72,2,141,4,18,Tidak,Ya
120017,2021,3.44,3.44,1,134,3,19,Ya,Tidak
120018,2021,3.73,3.89,1,133,3,14,Tidak,Ya
120019,2021,3.48,3.24,0,139,3,15,Tidak,Ya
120020,2021,2.81,2.71,5,101,0,7,Ya,Tidak
120021,2020,2.91,2.66,4,127,2,9,Ya,Tidak
120022,2020,2.82,2.97,2,107,1,5,Tidak,Tidak
120023,2021,3.07,2.93,1,124,2,6,Tidak,Ya
120024,2021,2.56,2.8,5,119,1,2,Tidak,Tidak
120025,2020,3.43,3.45,0,137,3,17,Ya,Ya
120026,2020,3.0,3.18,4,119,1,7,Tidak,Tidak
120027,2020,3.48,3.77,0,143,4,16,Tidak,Ya
120028,2022,3.08,3.28,2,95,0,9,Tidak,Tidak
120029,2022,3.52,3.74,1,132,3,19,Tidak,Ya
120030,2022,3.01,2.95,1,105,0,5,Tidak,Tidak
120031,2021,2.89,2.92,4,96,0,8,Ya,Tidak
120032,2022,3.24,3.09,1,133,3,14,Tidak,Ya
120033,2021,3.54,3.36,1,143,4,18,Tidak,Ya
120034,2021,3.02,3.02,1,98,0,10,Tidak,Tidak
120035,2022,3.9,3.96,1,144,4,14,Ya,Tidak
120036,2021,2.56,2.46,4,110,1,1,Tidak,Tidak
120037,2022,3.13,3.17,0,124,2,9,Ya,Ya
120038,2022,3.95,4.0,0,131,3,19,Tidak,Ya
120039,2020,3.32,3.35,1,140,3,15,Tidak,Ya
120040,2022,3.14,3.27,0,91,0,3,Tidak,Tidak
120041,2020,3.35,3.53,0,132,3,12,Ya,Ya
120042,2022,3.36,3.65,1,131,3,11,Ya,Ya
120043,2022,3.6,3.66,1,143,4,17,Tidak,Ya
120044,2020,2.69,2.87,5,109,1,5,Ya,Tidak
120045,2020,2.88,3.16,2,107,1,1,Ya,Tidak
120046,2022,3.37,3.64,2,139,3,18,Tidak,Ya
120047,2021,3.8,3.58,1,138,3,14,Tidak,Ya
120048,2020,3.34,3.28,2,131,3,18,Ya,Tidak
120049,2021,2.86,2.75,2,114,1,6,Tidak,Tidak
120050,2021,3.52,3.27,1,142,4,15,Ya,Tidak
120051,2021,3.61,3.69,2,135,3,18,Tidak,Ya
120052,2020,2.86,3.0,3,122,2,8,Tidak,Tidak
120053,2021,3.07,3.28,0,125,2,4,Tidak,Tidak
120054,2020,3.3,3.07,2,144,4,15,Tidak,Ya
120055,2021,3.24,3.47,0,143,4,12,Tidak,Ya
120056,2022,3.08,3.17,0,90,0,4,Tidak,Tidak
120057,2022,2.95,3.07,5,105,0,2,Ya,Tidak
120058,2020,2.65,2.9,3,92,0,6,Tidak,Tidak
120059,2022,2.58,2.65,4,124,2,9,Tidak,Tidak
120060,2022,3.94,3.84,0,138,3,15,Tidak,Ya
120061,2021,3.77,3.97,0,135,3,18,Tidak,Ya
120062,2020,3.03,2.95,2,114,1,0,Tidak,Tidak
120063,2021,3.94,3.66,0,142,4,13,Ya,Tidak
120064,2021,3.52,3.72,0,134,3,13,Tidak,Ya
120065,2021,3.22,3.13,2,131,3,19,Tidak,Ya
120066,2021,3.24,3.4,2,137,3,15,Tidak,Ya
120067,2021,2.62,2.54,4,110,1,8,Tidak,Tidak
120068,2021,2.64,2.86,4,123,2,8,Tidak,Tidak
120069,2021,3.4,3.23,1,133,3,11,Tidak,Ya
120070,2020,3.33,3.61,2,138,3,12,Ya,Ya
120071,2022,2.82,2.99,3,104,0,4,Ya,Tidak
120072,2021,3.92,3.69,1,133,3,14,Ya,Tidak
120073,2021,3.67,3.71,1,142,4,19,Tidak,Ya
120074,2021,2.67,2.96,2,101,0,6,Ya,Tidak
120075,2021,3.9,3.88,1,141,4,16,Tidak,Ya
120076,2021,3.96,3.77,1,142,4,17,Tidak,Ya
120077,2021,3.99,3.98,0,144,4,11,Tidak,Ya
120078,2022,2.58,2.59,2,103,0,0,Tidak,Tidak
120079,2022,3.61,3.76,0,133,3,18,Ya,Tidak
120080,2021,3.32,3.44,2,131,3,12,Tidak,Ya
120081,2022,3.56,3.5,0,142,4,19,Tidak,Ya
120082,2020,3.95,3.78,0,141,4,17,Tidak,Ya
120083,2021,3.53,3.62,1,144,4,16,Tidak,Ya
120084,2020,3.76,3.71,0,135,3,11,Tidak,Ya
120085,2020,3.8,3.58,2,142,4,11,Tidak,Ya
120086,2021,3.76,4.0,0,140,3,12,Tidak,Ya
120087,2022,3.14,3.25,2,91,0,5,Tidak,Tidak
120088,2020,2.83,2.94,2,112,1,5,Tidak,Tidak
120089,2021,3.09,3.28,0,108,1,1,Ya,Tidak
120090,2020,3.84,3.86,0,144,4,11,Tidak,Ya
120091,2020,2.72,2.91,2,94,0,9,Ya,Tidak
120092,2020,3.27,3.27,2,132,3,15,Tidak,Ya
120093,2020,2.85,2.59,4,123,2,4,Tidak,Tidak
120094,2022,3.37,3.31,1,139,3,12,Ya,Tidak
120095,2020,3.79,3.79,2,138,3,16,Tidak,Ya
120096,2020,3.82,3.95,0,131,3,19,Tidak,Ya
120097,2020,2.86,2.62,5,100,0,1,Tidak,Tidak
120098,2022,3.86,3.64,1,131,3,12,Tidak,Ya
120099,2020,3.39,3.25,1,142,4,13,Tidak,Ya
120100,2020,3.03,2.89,1,120,1,6,Ya,Tidak
120101,2022,3.56,3.7,0,137,3,16,Tidak,Ya
120102,2022,3.22,3.07,2,144,4,18,Ya,Ya
120103,2022,3.07,3.15,0,98,0,7,Tidak,Tidak
120104,2020,3.56,3.56,1,136,3,16,Ya,Tidak
120105,2022,2.87,2.91,2,108,1,10,Tidak,Tidak
120106,2022,3.0,3.2,2,98,0,9,Tidak,Tidak
120107,2020,3.15,3.09,2,124,2,2,Ya,Tidak
120108,2022,2.88,3.04,4,110,1,2,Tidak,Tidak
120109,2020,3.11,3.06,1,98,0,0,Tidak,Tidak
120110,2021,3.36,3.27,0,141,4,17,Tidak,Ya
120111,2022,3.61,3.89,0,143,4,15,Tidak,Ya
120112,2021,3.65,3.46,2,143,4,14,Tidak,Ya
120113,2020,3.73,3.48,0,132,3,14,Tidak,Ya
120114,2022,3.62,3.78,0,136,3,14,Ya,Ya
120115,2020,3.52,3.26,0,141,4,16,Ya,Tidak
120116,2021,2.86,3.06,4,122,2,7,Tidak,Tidak
120117,2020,3.1,3.06,1,93,0,7,Tidak,Tidak
120118,2022,3.22,3.47,1,133,3,15,Tidak,Ya
120119,2022,2.62,2.75,5,128,2,5,Tidak,Tidak
120120,2021,3.29,3.36,0,137,3,14,Tidak,Ya
120121,2020,3.15,3.42,1,106,1,10,Tidak,Tidak
120122,2022,3.7,3.64,2,134,3,19,Tidak,Ya
120123,2021,3.97,4.0,2,136,3,18,Tidak,Ya
120124,2022,3.33,3.11,1,141,4,11,Tidak,Ya
120125,2022,2.98,2.97,3,118,1,1,Tidak,Tidak
120126,2020,2.57,2.43,2,125,2,8,Tidak,Tidak
120127,2022,3.89,3.91,1,141,4,18,Tidak,Ya
120128,2020,3.88,3.68,0,135,3,13,Ya,Ya
120129,2022,2.88,3.08,2,128,2,7,Ya,Ya
120130,2021,3.54,3.75,2,131,3,11,Tidak,Ya
120131,2022,2.61,2.88,4,126,2,9,Tidak,Tidak
120132,2020,2.75,2.54,5,124,2,3,Tidak,Tidak
120133,2020,2.83,2.9,4,96,0,2,Tidak,Tidak
120134,2021,2.94,2.92,4,116,1,5,Ya,Tidak
120135,2022,3.99,3.9,1,141,4,17,Tidak,Ya
120136,2022,3.55,3.46,2,135,3,14,Tidak,Ya
120137,2021,3.08,3.03,1,103,0,6,Tidak,Tidak
120138,2022,3.61,3.73,2,136,3,19,Tidak,Ya
120139,2022,3.87,3.93,1,134,3,12,Tidak,Ya
120140,2020,3.94,3.92,0,142,4,13,Ya,Tidak
120141,2022,2.59,2.34,5,111,1,4,Tidak,Tidak
120142,2022,3.09,2.84,1,94,0,2,Tidak,Tidak
120143,2021,2.66,2.36,3,91,0,10,Tidak,Tidak
120144,2021,3.0,3.28,5,116,1,7,Tidak,Tidak
120145,2020,2.75,2.45,4,110,1,9,Ya,Tidak
120146,2022,3.47,3.23,1,135,3,18,Ya,Ya
120147,2022,3.08,2.97,0,127,2,7,Tidak,Tidak
120148,2022,2.84,3.02,2,104,0,8,Tidak,Tidak
120149,2020,2.9,3.18,4,110,1,3,Ya,Tidak
120150,2020,3.04,3.21,0,99,0,4,Ya,Tidak
120151,2021,2.89,3.0,5,112,1,4,Tidak,Tidak
120152,2020,3.18,3.19,1,128,2,7,Ya,Tidak
120153,2022,2.55,2.3,2,94,0,6,Tidak,Tidak
120154,2022,2.92,3.19,4,90,0,8,Tidak,Tidak
120155,2020,3.12,3.28,1,102,0,7,Tidak,Tidak
120156,2022,3.4,3.48,2,134,3,12,Ya,Ya
120157,2022,2.91,3.07,3,115,1,9,Ya,Tidak
120158,2020,2.7,2.83,2,110,1,3,Tidak,Tidak
120159,2020,2.61,2.69,4,107,1,5,Tidak,Tidak
120160,2022,3.91,4.0,2,134,3,12,Tidak,Ya
120161,2022,3.12,3.36,1,121,2,6,Ya,Tidak
120162,2022,3.37,3.46,2,133,3,13,Tidak,Ya
120163,2021,3.88,4.0,1,130,2,2,Tidak,Ya
120164,2021,2.62,2.35,3,124,2,10,Tidak,Tidak
120165,2021,3.81,3.91,1,130,2,1,Tidak,Ya
120166,2020,3.33,3.06,1,141,4,18,Tidak,Ya
120167,2021,2.75,2.8,2,100,0,5,Tidak,Tidak
120168,2020,3.12,3.42,1,110,1,0,Ya,Tidak
120169,2020,3.67,3.7,2,133,3,11,Tidak,Ya
120170,2021,3.22,3.2,0,136,3,17,Ya,Ya
120171,2021,3.98,3.87,2,134,3,18,Tidak,Ya
120172,2021,3.07,2.84,0,115,1,4,Tidak,Tidak
120173,2022,3.62,3.76,1,143,4,15,Ya,Ya
120174,2021,3.09,2.91,0,93,0,3,Tidak,Tidak
120175,2022,3.74,3.51,0,131,3,16,Ya,Ya
120176,2020,3.35,3.3,2,133,3,16,Tidak,Ya
120177,2022,2.6,2.78,4,107,1,2,Tidak,Tidak
120178,2021,2.56,2.71,5,124,2,8,Ya,Tidak
120179,2020,2.7,2.43,3,118,1,10,Tidak,Tidak
120180,2020,2.52,2.49,2,118,1,6,Tidak,Tidak
120181,2020,2.61,2.62,5,127,2,0,Ya,Tidak
120182,2022,3.54,3.63,0,139,3,17,Ya,Tidak
120183,2021,3.3,3.39,0,134,3,15,Tidak,Ya
120184,2020,3.62,3.54,1,139,3,15,Tidak,Ya
120185,2020,3.87,3.91,1,142,4,12,Tidak,Ya
120186,2020,3.38,3.37,1,130,2,3,Ya,Tidak
120187,2022,3.59,3.82,1,138,3,16,Ya,Ya
120188,2022,3.64,3.66,1,130,2,9,Tidak,Tidak
120189,2021,3.07,3.03,2,98,0,10,Ya,Tidak
120190,2022,2.86,2.8,2,90,0,6,Ya,Tidak
120191,2020,2.81,2.85,2,91,0,10,Ya,Tidak
120192,2021,2.88,3.06,2,118,1,4,Tidak,Tidak
120193,2020,2.91,2.93,2,122,2,8,Tidak,Tidak
120194,2020,2.81,2.91,5,99,0,2,Tidak,Tidak
120195,2022,3.82,3.96,0,131,3,11,Tidak,Ya
120196,2021,3.64,3.65,0,139,3,14,Tidak,Ya
120197,2022,2.57,2.53,2,110,1,8,Tidak,Tidak
120198,2022,2.9,3.13,2,117,1,3,Ya,Tidak
120199,2021,2.53,2.48,4,100,0,1,Tidak,Tidak
120200,2020,3.25,3.23,0,136,3,15,Tidak,Ya
120201,2020,3.21,3.5,2,131,3,13,Tidak,Ya
120202,2021,3.75,3.45,1,137,3,19,Tidak,Ya
120203,2020,2.96,2.77,2,111,1,3,Tidak,Tidak
120204,2021,3.72,3.65,1,137,3,16,Ya,Tidak
120205,2021,3.95,4.0,1,130,2,1,Tidak,Tidak
120206,2022,2.63,2.37,5,104,0,5,Tidak,Tidak
120207,2021,3.69,3.4,1,130,2,2,Tidak,Ya
120208,2022,3.38,3.11,2,141,4,19,Tidak,Ya
120209,2020,3.22,2.97,1,136,3,12,Tidak,Ya
120210,2020,3.13,2.85,1,113,1,8,Ya,Tidak
120211,2020,3.68,3.67,1,142,4,15,Tidak,Ya
120212,2020,3.46,3.51,0,132,3,18,Ya,Ya
120213,2022,3.71,3.57,0,134,3,12,Tidak,Ya
120214,2020,3.85,3.79,2,141,4,16,Tidak,Ya
120215,2021,3.43,3.19,2,130,2,2,Tidak,Tidak
120216,2021,3.97,3.87,0,136,3,15,Tidak,Ya
120217,2021,3.41,3.42,2,134,3,18,Tidak,Ya
120218,2022,3.45,3.59,0,137,3,11,Ya,Tidak
120219,2020,3.33,3.03,1,142,4,15,Tidak,Ya
120220,2020,2.64,2.62,3,97,0,2,Ya,Tidak
120221,2020,3.59,3.47,2,138,3,14,Tidak,Ya
120222,2022,3.32,3.53,0,136,3,12,Ya,Ya
120223,2021,3.18,3.31,0,90,0,8,Ya,Tidak
120224,2021,3.87,3.92,2,142,4,13,Tidak,Ya
120225,2020,2.95,2.82,2,113,1,1,Ya,Tidak
120226,2021,3.29,3.54,1,132,3,19,Tidak,Ya
120227,2021,3.55,3.28,2,137,3,17,Tidak,Ya
120228,2022,3.69,3.46,2,130,2,5,Ya,Ya
120229,2022,3.19,3.12,0,94,0,0,Tidak,Tidak
120230,2022,3.76,3.53,2,133,3,15,Ya,Tidak
120231,2022,3.65,3.92,0,134,3,13,Ya,Tidak
120232,2020,2.6,2.78,2,120,1,0,Tidak,Tidak
120233,2022,2.57,2.43,2,125,2,3,Ya,Tidak
120234,2021,3.43,3.48,0,140,3,12,Tidak,Ya
120235,2020,3.02,3.31,0,104,0,1,Ya,Tidak
120236,2021,2.81,3.04,4,108,1,2,Ya,Tidak
120237,2021,3.37,3.43,1,136,3,18,Tidak,Ya
120238,2021,3.01,3.25,1,117,1,7,Tidak,Tidak
120239,2022,3.31,3.6,2,132,3,17,Ya,Tidak
120240,2022,3.19,3.34,2,94,0,5,Tidak,Tidak
120241,2020,3.38,3.12,1,134,3,19,Ya,Tidak
120242,2020,3.1,3.04,1,119,1,3,Tidak,Tidak
120243,2022,3.55,3.75,1,135,3,11,Tidak,Ya
120244,2021,2.77,2.61,3,121,2,7,Tidak,Tidak
120245,2020,3.54,3.74,1,137,3,17,Tidak,Ya
120246,2022,3.12,2.89,0,99,0,6,Tidak,Tidak
120247,2022,3.81,3.54,2,135,3,13,Tidak,Ya
120248,2022,3.27,3.2,0,144,4,14,Tidak,Ya
120249,2021,3.96,3.68,1,141,4,19,Tidak,Ya
120250,2022,3.4,3.67,1,130,2,5,Ya,Ya
120251,2022,2.84,3.04,3,120,1,4,Tidak,Tidak
120252,2022,3.73,3.91,0,137,3,13,Tidak,Ya
120253,2022,3.02,3.1,0,114,1,8,Tidak,Tidak
120254,2020,3.02,2.85,1,98,0,4,Tidak,Tidak
120255,2020,2.55,2.56,2,91,0,4,Tidak,Tidak
120256,2022,3.32,3.38,0,144,4,14,Ya,Tidak
120257,2021,3.3,3.32,1,131,3,14,Ya,Tidak
120258,2020,3.03,2.89,0,92,0,0,Tidak,Tidak
120259,2022,3.84,3.85,2,130,2,6,Tidak,Ya
120260,2020,2.69,2.68,5,125,2,8,Tidak,Tidak
120261,2020,3.0,3.3,5,93,0,2,Tidak,Tidak
120262,2021,2.98,3.22,4,103,0,1,Tidak,Tidak
120263,2022,2.64,2.62,4,114,1,2,Tidak,Tidak
120264,2022,3.22,3.29,2,139,3,11,Ya,Tidak
120265,2021,3.53,3.68,1,136,3,16,Ya,Tidak
120266,2021,3.27,2.99,1,143,4,17,Tidak,Ya
120267,2022,2.74,2.98,3,99,0,10,Tidak,Tidak
120268,2022,3.07,3.29,2,110,1,10,Ya,Tidak
120269,2021,2.5,2.47,4,125,2,1,Tidak,Tidak
120270,2020,3.8,3.73,0,141,4,18,Tidak,Ya
120271,2020,2.63,2.49,2,116,1,5,Tidak,Tidak
120272,2021,3.4,3.39,2,137,3,14,Tidak,Ya
120273,2020,3.98,3.71,2,131,3,15,Tidak,Ya
120274,2021,3.3,3.51,2,135,3,18,Ya,Ya
120275,2020,3.89,3.61,2,142,4,13,Tidak,Ya
120276,2020,2.85,2.75,2,121,2,2,Tidak,Tidak
120277,2022,3.64,3.9,2,144,4,14,Ya,Tidak
120278,2022,3.3,3.44,0,141,4,11,Tidak,Ya
120279,2020,3.58,3.45,2,131,3,19,Tidak,Ya
120280,2020,2.59,2.44,4,100,0,7,Tidak,Tidak
120281,2022,2.72,2.42,4,99,0,7,Tidak,Tidak
120282,2022,2.7,2.82,5,104,0,9,Ya,Tidak
120283,2022,3.53,3.26,0,130,2,5,Tidak,Tidak
120284,2021,3.77,3.79,0,137,3,17,Tidak,Ya
120285,2020,3.62,3.9,1,131,3,16,Tidak,Ya
120286,2022,2.55,2.32,4,98,0,8,Ya,Tidak
120287,2020,3.8,4.0,1,138,3,13,Tidak,Ya
120288,2021,3.03,3.32,1,103,0,2,Tidak,Tidak
120289,2021,3.1,2.84,0,114,1,2,Ya,Tidak
120290,2022,2.66,2.89,5,111,1,9,Ya,Tidak
120291,2021,3.61,3.62,0,133,3,13,Tidak,Ya
120292,2020,2.77,3.01,5,119,1,8,Tidak,Tidak
120293,2022,3.35,3.39,1,133,3,14,Tidak,Ya
120294,2020,3.76,3.86,2,134,3,17,Tidak,Ya
120295,2020,2.63,2.66,2,121,2,8,Tidak,Tidak
120296,2021,3.3,3.52,2,132,3,17,Tidak,Ya
120297,2021,2.85,2.99,5,110,1,8,Ya,Tidak
120298,2021,3.01,3.02,2,124,2,2,Tidak,Ya
120299,2021,3.21,3.43,1,139,3,14,Ya,Ya
120300,2021,3.03,2.88,1,121,2,7,Tidak,Tidak
120301,2022,3.47,3.26,1,143,4,16,Ya,Ya
120302,2020,3.22,3.02,1,136,3,15,Ya,Tidak
120303,2020,3.38,3.28,0,136,3,14,Tidak,Ya
120304,2020,3.61,3.45,0,130,2,7,Ya,Tidak
120305,2020,3.34,3.6,1,141,4,11,Tidak,Ya
120306,2021,3.38,3.14,0,138,3,19,Ya,Ya
120307,2020,3.35,3.47,1,144,4,11,Tidak,Ya
120308,2022,3.07,2.88,2,107,1,7,Tidak,Tidak
120309,2022,3.01,3.24,2,110,1,3,Ya,Tidak
120310,2020,3.85,4.0,2,142,4,19,Ya,Tidak
120311,2020,3.41,3.39,1,143,4,15,Tidak,Ya
120312,2022,2.87,3.1,4,110,1,2,Tidak,Tidak
120313,2022,3.25,2.95,0,143,4,19,Tidak,Ya
120314,2021,3.0,3.19,4,97,0,10,Tidak,Tidak
120315,2022,3.9,3.74,2,143,4,19,Tidak,Ya
120316,2021,2.51,2.76,4,96,0,3,Ya,Tidak
120317,2021,2.84,2.54,5,112,1,10,Tidak,Tidak
120318,2021,3.05,3.08,0,121,2,3,Tidak,Tidak
120319,2021,3.23,3.38,1,140,3,18,Tidak,Ya
120320,2021,3.78,3.64,0,135,3,12,Tidak,Ya
120321,2020,2.63,2.45,3,111,1,8,Tidak,Tidak
120322,2022,3.71,3.46,1,140,3,16,Tidak,Ya
120323,2021,2.58,2.48,4,114,1,8,Tidak,Tidak
120324,2022,3.76,3.8,1,135,3,18,Tidak,Ya
120325,2022,2.58,2.35,2,117,1,6,Tidak,Tidak
120326,2021,2.53,2.46,5,118,1,0,Ya,Tidak
120327,2020,3.55,3.26,0,142,4,13,Ya,Ya
120328,2021,4.0,4.0,1,131,3,12,Tidak,Ya
120329,2020,3.84,3.62,2,131,3,15,Tidak,Ya
120330,2022,3.36,3.23,2,142,4,15,Ya,Tidak
120331,2020,3.88,3.59,0,134,3,15,Ya,Tidak
120332,2020,2.51,2.47,4,104,0,3,Ya,Tidak
120333,2020,3.96,4.0,1,133,3,15,Ya,Tidak
120334,2022,3.24,3.18,1,140,3,13,Tidak,Ya
120335,2022,3.58,3.39,0,131,3,11,Tidak,Ya
120336,2020,3.73,3.88,1,144,4,15,Tidak,Ya
120337,2020,3.58,3.75,0,144,4,19,Tidak,Ya
120338,2021,3.3,3.1,1,132,3,19,Ya,Tidak
120339,2020,3.21,3.37,0,136,3,14,Ya,Tidak
120340,2021,3.76,4.0,2,137,3,13,Tidak,Ya
120341,2020,2.81,2.61,3,102,0,0,Tidak,Tidak
120342,2021,3.95,4.0,1,135,3,12,Tidak,Ya
120343,2022,3.57,3.7,0,140,3,18,Ya,Tidak
120344,2020,2.8,2.78,2,126,2,0,Tidak,Tidak
120345,2020,3.6,3.33,1,142,4,18,Tidak,Ya
120346,2020,3.29,3.03,0,130,2,6,Tidak,Tidak
120347,2020,3.56,3.77,1,137,3,18,Tidak,Ya
120348,2021,3.65,3.94,2,132,3,16,Tidak,Ya
120349,2020,2.63,2.74,2,108,1,8,Tidak,Tidak
120350,2022,3.26,3.23,1,136,3,13,Ya,Tidak
120351,2022,3.9,3.99,2,142,4,14,Ya,Ya
120352,2020,2.98,3.04,5,119,1,5,Ya,Tidak
120353,2022,3.39,3.32,2,136,3,18,Tidak,Ya
120354,2020,3.05,2.79,1,114,1,4,Tidak,Tidak
120355,2020,3.18,3.37,0,126,2,2,Tidak,Tidak
120356,2022,3.32,3.24,1,144,4,16,Ya,Ya
120357,2020,3.32,3.51,2,137,3,14,Tidak,Ya
120358,2022,2.8,2.65,5,105,0,8,Tidak,Tidak
120359,2021,3.53,3.23,1,137,3,13,Tidak,Ya
120360,2020,2.63,2.43,2,90,0,3,Tidak,Tidak
120361,2021,2.71,2.69,4,94,0,6,Tidak,Tidak
120362,2022,2.5,2.77,3,92,0,6,Tidak,Tidak
120363,2021,2.68,2.44,2,90,0,3,Ya,Tidak
120364,2021,3.21,3.42,2,133,3,16,Tidak,Ya
120365,2022,3.41,3.43,0,137,3,13,Ya,Ya
120366,2021,3.69,3.89,2,132,3,16,Ya,Ya
120367,2021,2.66,2.54,5,121,2,1,Ya,Tidak
120368,2022,3.78,3.98,1,139,3,18,Tidak,Ya
120369,2021,3.62,3.78,0,131,3,12,Tidak,Ya
120370,2022,3.11,2.95,2,114,1,10,Tidak,Tidak
120371,2021,3.9,3.68,0,139,3,17,Ya,Tidak
120372,2022,3.99,4.0,0,134,3,19,Tidak,Ya
120373,2022,2.81,3.09,3,128,2,0,Tidak,Tidak
120374,2021,3.07,2.79,0,116,1,7,Tidak,Tidak
120375,2021,3.89,4.0,2,140,3,17,Tidak,Ya
120376,2021,3.58,3.83,2,131,3,16,Ya,Tidak
120377,2020,2.57,2.78,5,102,0,5,Tidak,Tidak
120378,2020,3.67,3.95,2,138,3,16,Tidak,Ya
120379,2020,3.74,3.9,2,133,3,19,Ya,Tidak
120380,2022,3.63,3.6,1,133,3,12,Tidak,Ya
120381,2021,3.7,3.59,0,135,3,11,Tidak,Ya
120382,2022,3.74,3.63,1,139,3,16,Tidak,Ya
120383,2020,2.78,2.91,2,115,1,9,Ya,Tidak
120384,2021,2.85,3.0,2,101,0,10,Ya,Tidak
120385,2022,3.45,3.27,0,130,2,7,Ya,Tidak
120386,2021,3.86,4.0,1,143,4,13,Tidak,Ya
120387,2022,2.97,3.1,2,103,0,9,Tidak,Tidak
120388,2021,3.38,3.42,1,138,3,11,Ya,Tidak
120389,2020,3.52,3.5,2,131,3,19,Tidak,Ya
120390,2020,3.18,3.21,2,109,1,0,Tidak,Tidak
120391,2021,3.57,3.37,0,140,3,13,Ya,Tidak
120392,2022,3.85,3.67,1,132,3,18,Tidak,Ya
120393,2020,3.44,3.19,2,144,4,13,Tidak,Ya
120394,2020,3.31,3.1,1,136,3,14,Ya,Ya
120395,2020,3.16,3.13,1,95,0,7,Ya,Tidak
120396,2021,3.37,3.39,0,137,3,11,Tidak,Ya
120397,2021,3.03,2.74,2,108,1,5,Tidak,Tidak
120398,2022,3.09,3.27,0,126,2,0,Tidak,Ya
120399,2022,3.3,3.18,0,139,3,11,Tidak,Ya
120400,2022,2.6,2.85,4,93,0,7,Ya,Tidak
120401,2021,2.84,3.12,4,93,0,10,Ya,Tidak
120402,2021,3.31,3.12,1,133,3,14,Tidak,Ya
120403,2022,3.15,3.13,2,99,0,0,Ya,Tidak
120404,2022,3.0,2.7,5,113,1,9,Ya,Tidak
120405,2021,3.6,3.66,1,135,3,17,Tidak,Ya
120406,2022,3.54,3.6,1,132,3,15,Tidak,Ya
120407,2020,2.75,2.6,3,115,1,4,Tidak,Tidak
120408,2021,3.82,3.86,2,134,3,11,Tidak,Ya
120409,2022,3.24,3.08,0,135,3,16,Ya,Tidak
120410,2021,3.61,3.41,1,134,3,19,Tidak,Ya
120411,2020,3.36,3.45,0,135,3,19,Ya,Tidak
120412,2021,4.0,3.9,0,137,3,18,Tidak,Ya
120413,2021,3.63,3.68,2,136,3,15,Tidak,Ya
120414,2021,3.56,3.52,0,134,3,11,Tidak,Ya
120415,2021,3.67,3.96,0,139,3,19,Tidak,Ya
120416,2020,2.71,2.5,4,127,2,0,Tidak,Tidak
120417,2021,2.81,2.79,3,93,0,7,Ya,Tidak
120418,2021,3.57,3.68,0,141,4,15,Tidak,Ya
120419,2022,3.24,3.18,2,138,3,13,Tidak,Ya
120420,2021,3.63,3.91,0,142,4,17,Ya,Ya
120421,2022,2.65,2.78,2,109,1,6,Tidak,Tidak
120422,2020,3.3,3.39,1,130,2,8,Tidak,Ya
120423,2020,3.07,3.22,0,96,0,6,Ya,Tidak
120424,2020,3.19,3.46,2,93,0,10,Tidak,Tidak
120425,2020,3.41,3.65,0,142,4,13,Tidak,Ya
120426,2022,3.25,3.38,1,143,4,11,Tidak,Ya
120427,2021,3.31,3.46,1,132,3,18,Tidak,Ya
120428,2020,3.23,3.02,2,137,3,13,Tidak,Ya
120429,2021,3.11,2.87,1,126,2,7,Tidak,Tidak
120430,2022,3.66,3.7,0,139,3,18,Tidak,Ya
120431,2022,2.52,2.23,3,93,0,4,Ya,Tidak
120432,2022,3.4,3.39,2,137,3,11,Tidak,Ya
120433,2020,3.35,3.18,1,143,4,17,Tidak,Ya
120434,2021,3.57,3.48,1,137,3,15,Ya,Ya
120435,2021,3.4,3.57,1,131,3,18,Tidak,Ya
120436,2021,3.74,4.0,2,143,4,19,Tidak,Ya
120437,2022,3.94,3.68,1,131,3,17,Ya,Tidak
120438,2020,3.01,3.03,1,108,1,6,Tidak,Tidak
120439,2022,2.84,3.07,2,120,1,0,Tidak,Tidak
120440,2022,3.14,2.89,2,108,1,3,Tidak,Tidak
120441,2021,2.93,3.12,3,108,1,1,Ya,Tidak
120442,2022,3.42,3.33,2,135,3,12,Ya,Tidak
120443,2021,3.87,3.76,1,137,3,12,Tidak,Ya
120444,2020,2.71,3.0,5,101,0,3,Tidak,Tidak
120445,2021,2.65,2.47,5,119,1,0,Ya,Tidak
120446,2020,2.88,3.0,3,127,2,3,Tidak,Tidak
120447,2021,3.59,3.78,1,134,3,12,Ya,Ya
120448,2022,3.39,3.11,0,144,4,15,Tidak,Ya
120449,2022,2.65,2.75,2,125,2,2,Tidak,Tidak
120450,2020,3.88,4.0,0,132,3,18,Tidak,Ya
120451,2020,3.69,3.46,2,142,4,14,Ya,Tidak
120452,2020,2.53,2.77,4,125,2,0,Tidak,Tidak
120453,2021,3.48,3.54,0,143,4,11,Ya,Tidak
120454,2021,3.66,3.73,2,136,3,13,Tidak,Ya
120455,2020,3.06,3.13,1,122,2,8,Tidak,Tidak
120456,2022,2.6,2.48,3,107,1,6,Ya,Tidak
120457,2021,2.62,2.88,3,117,1,1,Ya,Tidak
120458,2021,2.66,2.93,2,100,0,8,Tidak,Tidak
120459,2021,3.76,3.84,2,138,3,12,Tidak,Ya
120460,2020,3.87,4.0,0,141,4,13,Tidak,Ya
120461,2020,2.68,2.75,5,122,2,10,Ya,Tidak
120462,2020,2.85,2.84,5,106,1,9,Tidak,Tidak
120463,2020,2.75,2.85,5,95,0,1,Tidak,Tidak
120464,2020,2.78,2.81,5,93,0,2,Tidak,Tidak
120465,2022,3.76,3.82,2,133,3,16,Tidak,Ya
120466,2022,3.0,3.17,5,116,1,8,Tidak,Tidak
120467,2020,2.97,2.96,3,104,0,8,Tidak,Tidak
120468,2021,2.84,2.56,2,95,0,6,Tidak,Tidak
120469,2020,3.41,3.21,2,144,4,13,Tidak,Ya
120470,2022,3.07,3.03,2,103,0,3,Tidak,Tidak
120471,2022,3.62,3.75,1,141,4,16,Ya,Tidak
120472,2021,2.81,2.87,2,100,0,10,Tidak,Tidak
120473,2022,3.68,3.77,0,136,3,15,Tidak,Ya
120474,2020,3.41,3.4,0,138,3,12,Tidak,Ya
120475,2021,2.67,2.74,3,115,1,5,Ya,Tidak
120476,2020,3.12,3.02,0,105,0,2,Ya,Tidak
120477,2020,3.8,3.78,1,134,3,18,Tidak,Ya
120478,2021,3.88,4.0,1,138,3,12,Ya,Ya
120479,2020,3.2,3.42,1,99,0,0,Tidak,Tidak
120480,2022,3.22,3.18,2,131,3,19,Ya,Tidak
120481,2020,3.88,3.61,0,132,3,13,Ya,Tidak
120482,2021,3.38,3.18,0,142,4,11,Ya,Tidak
120483,2021,2.55,2.26,5,119,1,6,Ya,Tidak
120484,2021,3.87,3.96,1,143,4,15,Tidak,Ya
120485,2020,2.87,2.77,5,95,0,4,Ya,Tidak
120486,2021,3.37,3.4,1,130,2,0,Tidak,Ya
120487,2021,2.75,2.75,2,108,1,8,Tidak,Tidak
120488,2020,2.55,2.3,3,124,2,6,Tidak,Tidak
120489,2022,2.97,2.91,5,115,1,7,Tidak,Tidak
120490,2020,3.67,3.5,0,132,3,19,Tidak,Ya
120491,2021,2.92,2.87,4,94,0,5,Tidak,Tidak
120492,2021,2.83,2.65,3,118,1,4,Ya,Tidak
120493,2020,2.82,3.02,2,126,2,5,Tidak,Tidak
120494,2022,3.27,3.07,1,133,3,12,Tidak,Ya
120495,2021,3.96,4.0,0,130,2,3,Tidak,Tidak
120496,2021,3.19,3.14,0,110,1,2,Tidak,Tidak
120497,2021,3.34,3.55,1,139,3,17,Tidak,Ya
120498,2020,3.79,3.87,2,134,3,19,Tidak,Ya
120499,2021,3.3,3.44,0,133,3,15,Tidak,Ya
120500,2022,2.78,2.94,2,95,0,5,Tidak,Tidak
